Metric,Mean,Extreme
Flow In,49.878,72.0
Flow Out,46.266,65.0
Efficiency,93.51973600000001,50.794
Longest Wait,59.99709,896.0
Total Wait,1100.578,12581.0
