Metric,Mean,Extreme
Flow In,48.432,70.0
Flow Out,45.524,61.0
Efficiency,92.513838,69.811
Longest Wait,45.737722000000005,298.667
Total Wait,844.524,5971.0
