Metric,Mean,Extreme
Flow In,47.31,67.0
Flow Out,45.062,62.0
Efficiency,92.320902,72.881
Longest Wait,48.809543999999995,298.667
Total Wait,823.974,5760.0
