Metric,Mean,Extreme
Flow In,48.336,69.0
Flow Out,45.692,63.0
Efficiency,92.21146600000002,70.213
Longest Wait,48.420248,360.0
Total Wait,889.856,5893.0
