Metric,Mean,Extreme
Flow In,50.132,73.0
Flow Out,47.052,66.0
Efficiency,94.477976,100.0
Longest Wait,64.23886200000001,0.0
Total Wait,1107.624,10568.0
