Metric,Mean,Extreme
Flow In,50.308,74.0
Flow Out,46.99,63.0
Efficiency,94.09023199999999,58.108
Longest Wait,64.167372,750.0
Total Wait,1173.092,12018.0
